config,Q,R,final_estimate,rmse,final_K,final_P
정상,0.001,1.0,5.032308719470362,0.1805416679088717,0.04227860289127745,0.042278602891277446
Q 너무 작음,1e-10,1.0,5.015142408538508,0.1806666745862945,0.0333222268755803,0.03332222687558029
R 너무 작음,0.001,0.0001,5.429024554373433,0.6963628596580194,0.916079783099616,9.160797830996162e-05
"Q,R 동등",0.5,0.5,5.408591479366978,0.4840348270680314,0.6180339887498949,0.3090169943749474
Q 큼,1.0,1.0,5.408591479366962,0.4838314445871506,0.6180339887498949,0.6180339887498948
